Type,Subject,Desc
History Drive,1,Hair and Makeup
History Drive,2,Infotainment
History Drive,2,Infotainment
History Drive,2,Infotainment
History Drive,4,Texting on right
History Drive,0,Safe
History Drive,6,Talking on right
History Drive,3,Texting on left
History Drive,3,Texting on left
History Drive,1,Hair and Makeup
History Drive,5,Talking on left
History Drive,1,Hair and Makeup
History Drive,1,Hair and Makeup
History Drive,4,Texting on right
History Drive,0,Safe
History Drive,7,Drowsy
History Drive,4,Texting on right
History Drive,0,Safe
History Drive,6,Talking on right
History Drive,3,Texting on left
History Drive,1,Hair and Makeup
History Drive,1,Hair and Makeup
History Drive,7,Drowsy
History Drive,5,Talking on left
History Drive,2,Infotainment
History Drive,5,Talking on left
History Drive,1,Hair and Makeup
History Drive,0,Safe
History Drive,6,Talking on right
History Drive,5,Talking on left
History Drive,5,Talking on left
History Drive,2,Infotainment
History Drive,4,Texting on right
History Drive,0,Safe
History Drive,5,Talking on left
History Drive,3,Texting on left
History Drive,0,Safe
History Drive,1,Hair and Makeup
History Drive,3,Texting on left
History Drive,7,Drowsy
History Drive,1,Hair and Makeup
History Drive,5,Talking on left
History Drive,3,Texting on left
History Drive,1,Hair and Makeup
History Drive,2,Infotainment
History Drive,3,Texting on left
History Drive,3,Texting on left
History Drive,5,Talking on left
History Drive,7,Drowsy
History Drive,6,Talking on right
History Drive,1,Hair and Makeup
History Drive,2,Infotainment
History Drive,2,Infotainment
History Drive,1,Hair and Makeup
History Drive,7,Drowsy
History Drive,3,Texting on left
History Drive,4,Texting on right
History Drive,1,Hair and Makeup
History Drive,6,Talking on right
History Drive,0,Safe
History Drive,2,Infotainment
History Drive,2,Infotainment
History Drive,3,Texting on left
History Drive,3,Texting on left
History Drive,3,Texting on left
History Drive,5,Talking on left
History Drive,6,Talking on right
History Drive,4,Texting on right
History Drive,3,Texting on left
History Drive,5,Talking on left
History Drive,3,Texting on left
History Drive,7,Drowsy
History Drive,3,Texting on left
History Drive,1,Hair and Makeup
History Drive,7,Drowsy
History Drive,0,Safe
History Drive,2,Infotainment
History Drive,1,Hair and Makeup
History Drive,2,Infotainment
History Drive,0,Safe
History Drive,3,Texting on left
History Drive,1,Hair and Makeup
History Drive,7,Drowsy
History Drive,4,Texting on right
History Drive,7,Drowsy
History Drive,2,Infotainment
History Drive,5,Talking on left
History Drive,0,Safe
History Drive,2,Infotainment
History Drive,6,Talking on right
History Drive,0,Safe
History Drive,7,Drowsy
History Drive,3,Texting on left
History Drive,3,Texting on left
History Drive,1,Hair and Makeup
History Drive,4,Texting on right
History Drive,0,Safe
History Drive,7,Drowsy
History Drive,5,Talking on left
History Drive,6,Talking on right
Last Drive,5,Talking on left
Last Drive,6,Talking on right
Last Drive,6,Talking on right
Last Drive,2,Infotainment
Last Drive,2,Infotainment
Last Drive,0,Safe
Last Drive,0,Safe
Last Drive,7,Drowsy
Last Drive,7,Drowsy
Last Drive,7,Drowsy
Last Drive,7,Drowsy
Last Drive,7,Drowsy
Last Drive,4,Texting on right
Last Drive,3,Texting on left
Last Drive,3,Texting on left
Last Drive,1,Hair and Makeup
